Категория;URL товара;Фото основные;Фото дополнительные;Применение HTML;Номер заказа;D;G;H;L;Жесткость пружины, Н/мм;Нагрузка, кг;Наличие, шт;Цена, руб. с НДС;T;Материал;Цвет;Исполнение;Описание
Категория;URL товара;Фото основные;Фото дополнительные;Применение HTML;Номер заказа;D;G;H;L;Жесткость пружины, Н/мм;Нагрузка, кг;Наличие, шт;Цена, руб. с НДС;T;Материал;Цвет;Исполнение;Применение HTML
Категория;URL товара;Фото основные;Фото дополнительные;;Номер заказа;D;G;H;L;Жесткость пружины, Н/мм;Нагрузка, кг;Наличие, шт;Цена, руб. с НДС;T;Материал;Цвет;Исполнение;
Категория;URL товара;Фото основные;Фото дополнительные;;Номер заказа;D;G;H;L;Жесткость пружины, Н/мм;Нагрузка, кг;Наличие, шт;Цена, руб. с НДС;T;Материал;Цвет;Исполнение;
A00010 Демпферы параболические с наружной резьбой, тип PR;https://alterv.ru/catalog/dempfery/a00010_dempfery_parabolicheskie_s_naruzhnoy_rezboy_tip_pr/;https://alterv.ru/upload/iblock/85b/jdpe5wgpc5m89zs25a09i9vcv4wn4jbo/a00010_dempfery_parabolicheskie.png;https://alterv.ru/upload/iblock/fd9/fcxn8mdikflrwixwlxv76dqu9m2p7rx1/a00010_dempfery_chertezh.png;"<h2><span style=""font-size: 13pt;"">Материалы:</span></h2>
<ul>
	<li>Металлические части из стали DIN EN 10111-98.</li>
	<li>Эластомер из натурального каучука.</li>
</ul>
<hr>
<h2><span style=""font-size: 13pt;"">Исполнение:</span></h2>
<ul>
	<li>Демпферы с наружной резьбой.</li>
	<li>Сталь оцинкованная.</li>
	<li>Натуральный каучук черного цвета.</li>
</ul>
<hr>
<h2><span style=""font-size: 13pt;"">Указания по применению:</span></h2>
<ul>
	<li>Данные демпферы хорошо подходят для дробильного оборудования.</li>
	<li>Резинометаллические демпферы хорошо подходят для упругого ограничения хода и амортизации толчков у мобильных и стационарных агрегатов и машин, а также в качестве упоров.</li>
</ul>";A00010.16002002406;20;M6;24;18;14;51;1605;139,36;;;;;"<p><img src=""https://promfurnitura.by/image/catalog/prom-furnitura/zamki/a00010_демпферы_параболические_с_наружной_резьбой_тип_pr_table_1.png"" style=""width: 783px;""></p><p><img src=""https://promfurnitura.by/image/catalog/prom-furnitura/zamki/a00010_демпферы_параболические_с_наружной_резьбой_тип_pr_table_1.png"" style=""width: 1356px;""></p><h2><span style=""font-size: 13pt;"">Материалы:</span></h2>
<ul>
	<li>Металлические части из стали DIN EN 10111-98.</li>
	<li>Эластомер из натурального каучука.</li>
</ul>
<hr>
<h2><span style=""font-size: 13pt;"">Исполнение:</span></h2>
<ul>
	<li>Демпферы с наружной резьбой.</li>
	<li>Сталь оцинкованная.</li>
	<li>Натуральный каучук черного цвета.</li>
</ul>
<hr>
<h2><span style=""font-size: 13pt;"">Указания по применению:</span></h2>
<ul>
	<li>Данные демпферы хорошо подходят для дробильного оборудования.</li>
	<li>Резинометаллические демпферы хорошо подходят для упругого ограничения хода и амортизации толчков у мобильных и стационарных агрегатов и машин, а также в качестве упоров.</li>
</ul>";
A00010 Демпферы параболические с наружной резьбой, тип PR;https://alterv.ru/catalog/dempfery/a00010_dempfery_parabolicheskie_s_naruzhnoy_rezboy_tip_pr/;https://alterv.ru/upload/iblock/85b/jdpe5wgpc5m89zs25a09i9vcv4wn4jbo/a00010_dempfery_parabolicheskie.png;https://alterv.ru/upload/iblock/fd9/fcxn8mdikflrwixwlxv76dqu9m2p7rx1/a00010_dempfery_chertezh.png;"<h2><span style=""font-size: 13pt;"">Материалы:</span></h2>
<ul>
	<li>Металлические части из стали DIN EN 10111-98.</li>
	<li>Эластомер из натурального каучука.</li>
</ul>
<hr>
<h2><span style=""font-size: 13pt;"">Исполнение:</span></h2>
<ul>
	<li>Демпферы с наружной резьбой.</li>
	<li>Сталь оцинкованная.</li>
	<li>Натуральный каучук черного цвета.</li>
</ul>
<hr>
<h2><span style=""font-size: 13pt;"">Указания по применению:</span></h2>
<ul>
	<li>Данные демпферы хорошо подходят для дробильного оборудования.</li>
	<li>Резинометаллические демпферы хорошо подходят для упругого ограничения хода и амортизации толчков у мобильных и стационарных агрегатов и машин, а также в качестве упоров.</li>
</ul>";A00010.16003003608;30;M8;36;23;15;76;292;217,14;;;;;"<p><img src=""https://promfurnitura.by/image/catalog/prom-furnitura/zamki/a00010_демпферы_параболические_с_наружной_резьбой_тип_pr_table_1.png"" style=""width: 783px;""></p><p><img src=""https://promfurnitura.by/image/catalog/prom-furnitura/zamki/a00010_демпферы_параболические_с_наружной_резьбой_тип_pr_table_1.png"" style=""width: 1356px;""></p><h2><span style=""font-size: 13pt;"">Материалы:</span></h2>
<ul>
	<li>Металлические части из стали DIN EN 10111-98.</li>
	<li>Эластомер из натурального каучука.</li>
</ul>
<hr>
<h2><span style=""font-size: 13pt;"">Исполнение:</span></h2>
<ul>
	<li>Демпферы с наружной резьбой.</li>
	<li>Сталь оцинкованная.</li>
	<li>Натуральный каучук черного цвета.</li>
</ul>
<hr>
<h2><span style=""font-size: 13pt;"">Указания по применению:</span></h2>
<ul>
	<li>Данные демпферы хорошо подходят для дробильного оборудования.</li>
	<li>Резинометаллические демпферы хорошо подходят для упругого ограничения хода и амортизации толчков у мобильных и стационарных агрегатов и машин, а также в качестве упоров.</li>
</ul>";
A00010 Демпферы параболические с наружной резьбой, тип PR;https://alterv.ru/catalog/dempfery/a00010_dempfery_parabolicheskie_s_naruzhnoy_rezboy_tip_pr/;https://alterv.ru/upload/iblock/85b/jdpe5wgpc5m89zs25a09i9vcv4wn4jbo/a00010_dempfery_parabolicheskie.png;https://alterv.ru/upload/iblock/fd9/fcxn8mdikflrwixwlxv76dqu9m2p7rx1/a00010_dempfery_chertezh.png;"<h2><span style=""font-size: 13pt;"">Материалы:</span></h2>
<ul>
	<li>Металлические части из стали DIN EN 10111-98.</li>
	<li>Эластомер из натурального каучука.</li>
</ul>
<hr>
<h2><span style=""font-size: 13pt;"">Исполнение:</span></h2>
<ul>
	<li>Демпферы с наружной резьбой.</li>
	<li>Сталь оцинкованная.</li>
	<li>Натуральный каучук черного цвета.</li>
</ul>
<hr>
<h2><span style=""font-size: 13pt;"">Указания по применению:</span></h2>
<ul>
	<li>Данные демпферы хорошо подходят для дробильного оборудования.</li>
	<li>Резинометаллические демпферы хорошо подходят для упругого ограничения хода и амортизации толчков у мобильных и стационарных агрегатов и машин, а также в качестве упоров.</li>
</ul>";A00010.16003504008;35;M8;40;23;16;178;990;324,09;;;;;"<p><img src=""https://promfurnitura.by/image/catalog/prom-furnitura/zamki/a00010_демпферы_параболические_с_наружной_резьбой_тип_pr_table_1.png"" style=""width: 783px;""></p><p><img src=""https://promfurnitura.by/image/catalog/prom-furnitura/zamki/a00010_демпферы_параболические_с_наружной_резьбой_тип_pr_table_1.png"" style=""width: 1356px;""></p><h2><span style=""font-size: 13pt;"">Материалы:</span></h2>
<ul>
	<li>Металлические части из стали DIN EN 10111-98.</li>
	<li>Эластомер из натурального каучука.</li>
</ul>
<hr>
<h2><span style=""font-size: 13pt;"">Исполнение:</span></h2>
<ul>
	<li>Демпферы с наружной резьбой.</li>
	<li>Сталь оцинкованная.</li>
	<li>Натуральный каучук черного цвета.</li>
</ul>
<hr>
<h2><span style=""font-size: 13pt;"">Указания по применению:</span></h2>
<ul>
	<li>Данные демпферы хорошо подходят для дробильного оборудования.</li>
	<li>Резинометаллические демпферы хорошо подходят для упругого ограничения хода и амортизации толчков у мобильных и стационарных агрегатов и машин, а также в качестве упоров.</li>
</ul>";
A00010 Демпферы параболические с наружной резьбой, тип PR;https://alterv.ru/catalog/dempfery/a00010_dempfery_parabolicheskie_s_naruzhnoy_rezboy_tip_pr/;https://alterv.ru/upload/iblock/85b/jdpe5wgpc5m89zs25a09i9vcv4wn4jbo/a00010_dempfery_parabolicheskie.png;https://alterv.ru/upload/iblock/fd9/fcxn8mdikflrwixwlxv76dqu9m2p7rx1/a00010_dempfery_chertezh.png;"<h2><span style=""font-size: 13pt;"">Материалы:</span></h2>
<ul>
	<li>Металлические части из стали DIN EN 10111-98.</li>
	<li>Эластомер из натурального каучука.</li>
</ul>
<hr>
<h2><span style=""font-size: 13pt;"">Исполнение:</span></h2>
<ul>
	<li>Демпферы с наружной резьбой.</li>
	<li>Сталь оцинкованная.</li>
	<li>Натуральный каучук черного цвета.</li>
</ul>
<hr>
<h2><span style=""font-size: 13pt;"">Указания по применению:</span></h2>
<ul>
	<li>Данные демпферы хорошо подходят для дробильного оборудования.</li>
	<li>Резинометаллические демпферы хорошо подходят для упругого ограничения хода и амортизации толчков у мобильных и стационарных агрегатов и машин, а также в качестве упоров.</li>
</ul>";A00010.16005005810;50;M10;58;28;30;306;165;414,84;;;;;"<p><img src=""https://promfurnitura.by/image/catalog/prom-furnitura/zamki/a00010_демпферы_параболические_с_наружной_резьбой_тип_pr_table_1.png"" style=""width: 783px;""></p><p><img src=""https://promfurnitura.by/image/catalog/prom-furnitura/zamki/a00010_демпферы_параболические_с_наружной_резьбой_тип_pr_table_1.png"" style=""width: 1356px;""></p><h2><span style=""font-size: 13pt;"">Материалы:</span></h2>
<ul>
	<li>Металлические части из стали DIN EN 10111-98.</li>
	<li>Эластомер из натурального каучука.</li>
</ul>
<hr>
<h2><span style=""font-size: 13pt;"">Исполнение:</span></h2>
<ul>
	<li>Демпферы с наружной резьбой.</li>
	<li>Сталь оцинкованная.</li>
	<li>Натуральный каучук черного цвета.</li>
</ul>
<hr>
<h2><span style=""font-size: 13pt;"">Указания по применению:</span></h2>
<ul>
	<li>Данные демпферы хорошо подходят для дробильного оборудования.</li>
	<li>Резинометаллические демпферы хорошо подходят для упругого ограничения хода и амортизации толчков у мобильных и стационарных агрегатов и машин, а также в качестве упоров.</li>
</ul>";
A00010 Демпферы параболические с наружной резьбой, тип PR;https://alterv.ru/catalog/dempfery/a00010_dempfery_parabolicheskie_s_naruzhnoy_rezboy_tip_pr/;https://alterv.ru/upload/iblock/85b/jdpe5wgpc5m89zs25a09i9vcv4wn4jbo/a00010_dempfery_parabolicheskie.png;https://alterv.ru/upload/iblock/fd9/fcxn8mdikflrwixwlxv76dqu9m2p7rx1/a00010_dempfery_chertezh.png;"<h2><span style=""font-size: 13pt;"">Материалы:</span></h2>
<ul>
	<li>Металлические части из стали DIN EN 10111-98.</li>
	<li>Эластомер из натурального каучука.</li>
</ul>
<hr>
<h2><span style=""font-size: 13pt;"">Исполнение:</span></h2>
<ul>
	<li>Демпферы с наружной резьбой.</li>
	<li>Сталь оцинкованная.</li>
	<li>Натуральный каучук черного цвета.</li>
</ul>
<hr>
<h2><span style=""font-size: 13pt;"">Указания по применению:</span></h2>
<ul>
	<li>Данные демпферы хорошо подходят для дробильного оборудования.</li>
	<li>Резинометаллические демпферы хорошо подходят для упругого ограничения хода и амортизации толчков у мобильных и стационарных агрегатов и машин, а также в качестве упоров.</li>
</ul>";A00010.16005006708;50;M8;67;38;30;320;Под заказ;576,88;;;;;"<p><img src=""https://promfurnitura.by/image/catalog/prom-furnitura/zamki/a00010_демпферы_параболические_с_наружной_резьбой_тип_pr_table_1.png"" style=""width: 783px;""></p><p><img src=""https://promfurnitura.by/image/catalog/prom-furnitura/zamki/a00010_демпферы_параболические_с_наружной_резьбой_тип_pr_table_1.png"" style=""width: 1356px;""></p><h2><span style=""font-size: 13pt;"">Материалы:</span></h2>
<ul>
	<li>Металлические части из стали DIN EN 10111-98.</li>
	<li>Эластомер из натурального каучука.</li>
</ul>
<hr>
<h2><span style=""font-size: 13pt;"">Исполнение:</span></h2>
<ul>
	<li>Демпферы с наружной резьбой.</li>
	<li>Сталь оцинкованная.</li>
	<li>Натуральный каучук черного цвета.</li>
</ul>
<hr>
<h2><span style=""font-size: 13pt;"">Указания по применению:</span></h2>
<ul>
	<li>Данные демпферы хорошо подходят для дробильного оборудования.</li>
	<li>Резинометаллические демпферы хорошо подходят для упругого ограничения хода и амортизации толчков у мобильных и стационарных агрегатов и машин, а также в качестве упоров.</li>
</ul>";
A00010 Демпферы параболические с наружной резьбой, тип PR;https://alterv.ru/catalog/dempfery/a00010_dempfery_parabolicheskie_s_naruzhnoy_rezboy_tip_pr/;https://alterv.ru/upload/iblock/85b/jdpe5wgpc5m89zs25a09i9vcv4wn4jbo/a00010_dempfery_parabolicheskie.png;https://alterv.ru/upload/iblock/fd9/fcxn8mdikflrwixwlxv76dqu9m2p7rx1/a00010_dempfery_chertezh.png;"<h2><span style=""font-size: 13pt;"">Материалы:</span></h2>
<ul>
	<li>Металлические части из стали DIN EN 10111-98.</li>
	<li>Эластомер из натурального каучука.</li>
</ul>
<hr>
<h2><span style=""font-size: 13pt;"">Исполнение:</span></h2>
<ul>
	<li>Демпферы с наружной резьбой.</li>
	<li>Сталь оцинкованная.</li>
	<li>Натуральный каучук черного цвета.</li>
</ul>
<hr>
<h2><span style=""font-size: 13pt;"">Указания по применению:</span></h2>
<ul>
	<li>Данные демпферы хорошо подходят для дробильного оборудования.</li>
	<li>Резинометаллические демпферы хорошо подходят для упругого ограничения хода и амортизации толчков у мобильных и стационарных агрегатов и машин, а также в качестве упоров.</li>
</ul>";A00010.1600500670823;50;M8;67;23;30;320;237;576,88;;;;;"<p><img src=""https://promfurnitura.by/image/catalog/prom-furnitura/zamki/a00010_демпферы_параболические_с_наружной_резьбой_тип_pr_table_1.png"" style=""width: 783px;""></p><p><img src=""https://promfurnitura.by/image/catalog/prom-furnitura/zamki/a00010_демпферы_параболические_с_наружной_резьбой_тип_pr_table_1.png"" style=""width: 1356px;""></p><h2><span style=""font-size: 13pt;"">Материалы:</span></h2>
<ul>
	<li>Металлические части из стали DIN EN 10111-98.</li>
	<li>Эластомер из натурального каучука.</li>
</ul>
<hr>
<h2><span style=""font-size: 13pt;"">Исполнение:</span></h2>
<ul>
	<li>Демпферы с наружной резьбой.</li>
	<li>Сталь оцинкованная.</li>
	<li>Натуральный каучук черного цвета.</li>
</ul>
<hr>
<h2><span style=""font-size: 13pt;"">Указания по применению:</span></h2>
<ul>
	<li>Данные демпферы хорошо подходят для дробильного оборудования.</li>
	<li>Резинометаллические демпферы хорошо подходят для упругого ограничения хода и амортизации толчков у мобильных и стационарных агрегатов и машин, а также в качестве упоров.</li>
</ul>";
A00010 Демпферы параболические с наружной резьбой, тип PR;https://alterv.ru/catalog/dempfery/a00010_dempfery_parabolicheskie_s_naruzhnoy_rezboy_tip_pr/;https://alterv.ru/upload/iblock/85b/jdpe5wgpc5m89zs25a09i9vcv4wn4jbo/a00010_dempfery_parabolicheskie.png;https://alterv.ru/upload/iblock/fd9/fcxn8mdikflrwixwlxv76dqu9m2p7rx1/a00010_dempfery_chertezh.png;"<h2><span style=""font-size: 13pt;"">Материалы:</span></h2>
<ul>
	<li>Металлические части из стали DIN EN 10111-98.</li>
	<li>Эластомер из натурального каучука.</li>
</ul>
<hr>
<h2><span style=""font-size: 13pt;"">Исполнение:</span></h2>
<ul>
	<li>Демпферы с наружной резьбой.</li>
	<li>Сталь оцинкованная.</li>
	<li>Натуральный каучук черного цвета.</li>
</ul>
<hr>
<h2><span style=""font-size: 13pt;"">Указания по применению:</span></h2>
<ul>
	<li>Данные демпферы хорошо подходят для дробильного оборудования.</li>
	<li>Резинометаллические демпферы хорошо подходят для упругого ограничения хода и амортизации толчков у мобильных и стационарных агрегатов и машин, а также в качестве упоров.</li>
</ul>";A00010.16005006710;50;M10;67;28;30;326;974;477,72;;;;;"<p><img src=""https://promfurnitura.by/image/catalog/prom-furnitura/zamki/a00010_демпферы_параболические_с_наружной_резьбой_тип_pr_table_1.png"" style=""width: 783px;""></p><p><img src=""https://promfurnitura.by/image/catalog/prom-furnitura/zamki/a00010_демпферы_параболические_с_наружной_резьбой_тип_pr_table_1.png"" style=""width: 1356px;""></p><h2><span style=""font-size: 13pt;"">Материалы:</span></h2>
<ul>
	<li>Металлические части из стали DIN EN 10111-98.</li>
	<li>Эластомер из натурального каучука.</li>
</ul>
<hr>
<h2><span style=""font-size: 13pt;"">Исполнение:</span></h2>
<ul>
	<li>Демпферы с наружной резьбой.</li>
	<li>Сталь оцинкованная.</li>
	<li>Натуральный каучук черного цвета.</li>
</ul>
<hr>
<h2><span style=""font-size: 13pt;"">Указания по применению:</span></h2>
<ul>
	<li>Данные демпферы хорошо подходят для дробильного оборудования.</li>
	<li>Резинометаллические демпферы хорошо подходят для упругого ограничения хода и амортизации толчков у мобильных и стационарных агрегатов и машин, а также в качестве упоров.</li>
</ul>";
A00010 Демпферы параболические с наружной резьбой, тип PR;https://alterv.ru/catalog/dempfery/a00010_dempfery_parabolicheskie_s_naruzhnoy_rezboy_tip_pr/;https://alterv.ru/upload/iblock/85b/jdpe5wgpc5m89zs25a09i9vcv4wn4jbo/a00010_dempfery_parabolicheskie.png;https://alterv.ru/upload/iblock/fd9/fcxn8mdikflrwixwlxv76dqu9m2p7rx1/a00010_dempfery_chertezh.png;"<h2><span style=""font-size: 13pt;"">Материалы:</span></h2>
<ul>
	<li>Металлические части из стали DIN EN 10111-98.</li>
	<li>Эластомер из натурального каучука.</li>
</ul>
<hr>
<h2><span style=""font-size: 13pt;"">Исполнение:</span></h2>
<ul>
	<li>Демпферы с наружной резьбой.</li>
	<li>Сталь оцинкованная.</li>
	<li>Натуральный каучук черного цвета.</li>
</ul>
<hr>
<h2><span style=""font-size: 13pt;"">Указания по применению:</span></h2>
<ul>
	<li>Данные демпферы хорошо подходят для дробильного оборудования.</li>
	<li>Резинометаллические демпферы хорошо подходят для упругого ограничения хода и амортизации толчков у мобильных и стационарных агрегатов и машин, а также в качестве упоров.</li>
</ul>";A00010.16007508912;75;M12;89;37;50;816;10;956,07;;;;;"<p><img src=""https://promfurnitura.by/image/catalog/prom-furnitura/zamki/a00010_демпферы_параболические_с_наружной_резьбой_тип_pr_table_1.png"" style=""width: 783px;""></p><p><img src=""https://promfurnitura.by/image/catalog/prom-furnitura/zamki/a00010_демпферы_параболические_с_наружной_резьбой_тип_pr_table_1.png"" style=""width: 1356px;""></p><h2><span style=""font-size: 13pt;"">Материалы:</span></h2>
<ul>
	<li>Металлические части из стали DIN EN 10111-98.</li>
	<li>Эластомер из натурального каучука.</li>
</ul>
<hr>
<h2><span style=""font-size: 13pt;"">Исполнение:</span></h2>
<ul>
	<li>Демпферы с наружной резьбой.</li>
	<li>Сталь оцинкованная.</li>
	<li>Натуральный каучук черного цвета.</li>
</ul>
<hr>
<h2><span style=""font-size: 13pt;"">Указания по применению:</span></h2>
<ul>
	<li>Данные демпферы хорошо подходят для дробильного оборудования.</li>
	<li>Резинометаллические демпферы хорошо подходят для упругого ограничения хода и амортизации толчков у мобильных и стационарных агрегатов и машин, а также в качестве упоров.</li>
</ul>";
A00014 Демпферы сферические со внутренней резьбой, тип MT;https://alterv.ru/catalog/dempfery/a00014_dempfery_sfericheskie_so_vnutrenney_rezboy_tip_mt/;https://alterv.ru/upload/iblock/d5b/c6ty842wrutjsovxkcfnv7265e086t63/a00014_dempfery_sfericheskie.png;https://alterv.ru/upload/iblock/8cf/ze327jas8v2doyg532ps6z6lcl2uzvos/a00014_dempfery_chertezh.png;"<h2><span style=""font-size: 13pt;"">Материалы:</span></h2>
<ul>
	<li>Металлические части из стали DIN EN 10111-98.</li>
	<li>Эластомер из натурального каучука.</li>
</ul>
<hr>
<h2><span style=""font-size: 13pt;"">Исполнение:</span></h2>
<ul>
	<li>Демпферы со внутренней резьбой.</li>
	<li>Сталь оцинкованная.</li>
	<li>Натуральный каучук черного цвета.</li>
</ul>
<hr>
<h2><span style=""font-size: 13pt;"">Указания по применению:</span></h2>
<ul>
	<li>Резинометаллические демпферы хорошо подходят для упругого ограничения хода и амортизации толчков у мобильных и стационарных агрегатов и машин, а также в качестве упоров.</li>
	<li>Данные демпферы отлично подходят в качестве отбойников для кран-балок, для дробильного оборудования.</li>
</ul>";A00014.16005003510;50;M10;35;;3000;224;68;385,03;10;;;;"<p><img src=""https://promfurnitura.by/image/catalog/prom-furnitura/zamki/a00014_демпферы_сферические_со_внутренней_резьбой_тип_mt_table_1.png"" style=""width: 1286px;""></p><p><img src=""https://promfurnitura.by/image/catalog/prom-furnitura/zamki/a00014_демпферы_сферические_со_внутренней_резьбой_тип_mt_table_1.png"" style=""width: 768px;""></p><h2><span style=""font-size: 13pt;"">Материалы:</span></h2>
<ul>
	<li>Металлические части из стали DIN EN 10111-98.</li>
	<li>Эластомер из натурального каучука.</li>
</ul>
<hr>
<h2><span style=""font-size: 13pt;"">Исполнение:</span></h2>
<ul>
	<li>Демпферы со внутренней резьбой.</li>
	<li>Сталь оцинкованная.</li>
	<li>Натуральный каучук черного цвета.</li>
</ul>
<hr>
<h2><span style=""font-size: 13pt;"">Указания по применению:</span></h2>
<ul>
	<li>Резинометаллические демпферы хорошо подходят для упругого ограничения хода и амортизации толчков у мобильных и стационарных агрегатов и машин, а также в качестве упоров.</li>
	<li>Данные демпферы отлично подходят в качестве отбойников для кран-балок, для дробильного оборудования.</li>
</ul>";
A00014 Демпферы сферические со внутренней резьбой, тип MT;https://alterv.ru/catalog/dempfery/a00014_dempfery_sfericheskie_so_vnutrenney_rezboy_tip_mt/;https://alterv.ru/upload/iblock/d5b/c6ty842wrutjsovxkcfnv7265e086t63/a00014_dempfery_sfericheskie.png;https://alterv.ru/upload/iblock/8cf/ze327jas8v2doyg532ps6z6lcl2uzvos/a00014_dempfery_chertezh.png;"<h2><span style=""font-size: 13pt;"">Материалы:</span></h2>
<ul>
	<li>Металлические части из стали DIN EN 10111-98.</li>
	<li>Эластомер из натурального каучука.</li>
</ul>
<hr>
<h2><span style=""font-size: 13pt;"">Исполнение:</span></h2>
<ul>
	<li>Демпферы со внутренней резьбой.</li>
	<li>Сталь оцинкованная.</li>
	<li>Натуральный каучук черного цвета.</li>
</ul>
<hr>
<h2><span style=""font-size: 13pt;"">Указания по применению:</span></h2>
<ul>
	<li>Резинометаллические демпферы хорошо подходят для упругого ограничения хода и амортизации толчков у мобильных и стационарных агрегатов и машин, а также в качестве упоров.</li>
	<li>Данные демпферы отлично подходят в качестве отбойников для кран-балок, для дробильного оборудования.</li>
</ul>";A00014.16008006012;80;M12;60;;11000;1122;196;1657,74;12;;;;"<p><img src=""https://promfurnitura.by/image/catalog/prom-furnitura/zamki/a00014_демпферы_сферические_со_внутренней_резьбой_тип_mt_table_1.png"" style=""width: 1286px;""></p><p><img src=""https://promfurnitura.by/image/catalog/prom-furnitura/zamki/a00014_демпферы_сферические_со_внутренней_резьбой_тип_mt_table_1.png"" style=""width: 768px;""></p><h2><span style=""font-size: 13pt;"">Материалы:</span></h2>
<ul>
	<li>Металлические части из стали DIN EN 10111-98.</li>
	<li>Эластомер из натурального каучука.</li>
</ul>
<hr>
<h2><span style=""font-size: 13pt;"">Исполнение:</span></h2>
<ul>
	<li>Демпферы со внутренней резьбой.</li>
	<li>Сталь оцинкованная.</li>
	<li>Натуральный каучук черного цвета.</li>
</ul>
<hr>
<h2><span style=""font-size: 13pt;"">Указания по применению:</span></h2>
<ul>
	<li>Резинометаллические демпферы хорошо подходят для упругого ограничения хода и амортизации толчков у мобильных и стационарных агрегатов и машин, а также в качестве упоров.</li>
	<li>Данные демпферы отлично подходят в качестве отбойников для кран-балок, для дробильного оборудования.</li>
</ul>";
A00033 Демпферы конические с наружной резьбой, тип MS;https://alterv.ru/catalog/dempfery/a00033_dempfery_konicheskie_s_naruzhnoy_rezboy_tip_ms/;https://alterv.ru/upload/iblock/4a9/4o1aqz9zhlgfvqffqdvntjkq1goki1ux/a00033_dempfery_konicheskie.png;https://alterv.ru/upload/iblock/3c6/lu63uj7uu5rm0n9ykog8t484mii4layg/a00033_dempfery_chertezh.png;"<h2><span style=""font-size: 13pt;"">Материалы:</span></h2>
<ul>
	<li>Металлические части из стали DIN EN 10111-98.</li>
	<li>Эластомер из натурального каучука.</li>
</ul>
<hr>
<h2><span style=""font-size: 13pt;"">Исполнение:</span></h2>
<ul>
	<li>Демпферы с наружной резьбой.</li>
	<li>Сталь оцинкованная.</li>
	<li>Натуральный каучук черного цвета.</li>
</ul>
<hr>
<h2><span style=""font-size: 13pt;"">Указания по применению:</span></h2>
<ul>
	<li>Резинометаллические демпферы хорошо подходят для упругого ограничения хода и амортизации толчков у мобильных и стационарных агрегатов и машин, а также в качестве упоров.</li>
	<li>Данные демпферы хорошо подходят для дробильного оборудования.</li>
</ul>";A00033.16002501706;25;M6;17;18;119;68;1864;139,36;;;;;"<p><img src=""https://promfurnitura.by/image/catalog/prom-furnitura/zamki/a00033_демпферы_конические_с_наружной_резьбой_тип_ms_table_1.png"" style=""width: 1286px;""></p><p><img src=""https://promfurnitura.by/image/catalog/prom-furnitura/zamki/a00033_демпферы_конические_с_наружной_резьбой_тип_ms_table_1.png"" style=""width: 768px;""></p><h2><span style=""font-size: 13pt;"">Материалы:</span></h2>
<ul>
	<li>Металлические части из стали DIN EN 10111-98.</li>
	<li>Эластомер из натурального каучука.</li>
</ul>
<hr>
<h2><span style=""font-size: 13pt;"">Исполнение:</span></h2>
<ul>
	<li>Демпферы с наружной резьбой.</li>
	<li>Сталь оцинкованная.</li>
	<li>Натуральный каучук черного цвета.</li>
</ul>
<hr>
<h2><span style=""font-size: 13pt;"">Указания по применению:</span></h2>
<ul>
	<li>Резинометаллические демпферы хорошо подходят для упругого ограничения хода и амортизации толчков у мобильных и стационарных агрегатов и машин, а также в качестве упоров.</li>
	<li>Данные демпферы хорошо подходят для дробильного оборудования.</li>
</ul>";
A00033 Демпферы конические с наружной резьбой, тип MS;https://alterv.ru/catalog/dempfery/a00033_dempfery_konicheskie_s_naruzhnoy_rezboy_tip_ms/;https://alterv.ru/upload/iblock/4a9/4o1aqz9zhlgfvqffqdvntjkq1goki1ux/a00033_dempfery_konicheskie.png;https://alterv.ru/upload/iblock/3c6/lu63uj7uu5rm0n9ykog8t484mii4layg/a00033_dempfery_chertezh.png;"<h2><span style=""font-size: 13pt;"">Материалы:</span></h2>
<ul>
	<li>Металлические части из стали DIN EN 10111-98.</li>
	<li>Эластомер из натурального каучука.</li>
</ul>
<hr>
<h2><span style=""font-size: 13pt;"">Исполнение:</span></h2>
<ul>
	<li>Демпферы с наружной резьбой.</li>
	<li>Сталь оцинкованная.</li>
	<li>Натуральный каучук черного цвета.</li>
</ul>
<hr>
<h2><span style=""font-size: 13pt;"">Указания по применению:</span></h2>
<ul>
	<li>Резинометаллические демпферы хорошо подходят для упругого ограничения хода и амортизации толчков у мобильных и стационарных агрегатов и машин, а также в качестве упоров.</li>
	<li>Данные демпферы хорошо подходят для дробильного оборудования.</li>
</ul>";A00033.16005001810;50;M10;18;28;670;360;343;398,64;;;;;"<p><img src=""https://promfurnitura.by/image/catalog/prom-furnitura/zamki/a00033_демпферы_конические_с_наружной_резьбой_тип_ms_table_1.png"" style=""width: 1286px;""></p><p><img src=""https://promfurnitura.by/image/catalog/prom-furnitura/zamki/a00033_демпферы_конические_с_наружной_резьбой_тип_ms_table_1.png"" style=""width: 768px;""></p><h2><span style=""font-size: 13pt;"">Материалы:</span></h2>
<ul>
	<li>Металлические части из стали DIN EN 10111-98.</li>
	<li>Эластомер из натурального каучука.</li>
</ul>
<hr>
<h2><span style=""font-size: 13pt;"">Исполнение:</span></h2>
<ul>
	<li>Демпферы с наружной резьбой.</li>
	<li>Сталь оцинкованная.</li>
	<li>Натуральный каучук черного цвета.</li>
</ul>
<hr>
<h2><span style=""font-size: 13pt;"">Указания по применению:</span></h2>
<ul>
	<li>Резинометаллические демпферы хорошо подходят для упругого ограничения хода и амортизации толчков у мобильных и стационарных агрегатов и машин, а также в качестве упоров.</li>
	<li>Данные демпферы хорошо подходят для дробильного оборудования.</li>
</ul>";
A00035 Демпферы с присоской и наружной резьбой, тип DS;https://alterv.ru/catalog/dempfery/a00035_dempfery_s_prisoskoy_i_naruzhnoy_rezboy_tip_ds/;https://alterv.ru/upload/iblock/d1d/kshnc38gqpoz7ur2xp7nrebz3ck5zrk5/a00035_dempfery_s_prisoskoy.png, https://alterv.ru/upload/iblock/ed0/axn88nil63oefzihzwj2mcr69yxju4qm/a00035_dempfery.png, https://alterv.ru/upload/iblock/e1f/cxlfjh5w1pzuklt0q3eopx7v8lqm902o/a00035_dempfery_sboku.png, https://alterv.ru/upload/iblock/edf/tbbh35028n944y5uj9iqjh0azfrnsw36/a00035_dempfery_sverhu.png, https://alterv.ru/upload/iblock/78f/3uym0ou34bko17ozg5yc3hddnlte34uj/a00035_dempfery_snizu.png;https://alterv.ru/upload/iblock/c18/cuzk29w7x5gszdhorjiq4hbjazlhhvl7/a00035_dempfery_s_prisoskoy_chertezh.png;"<h2><span style=""font-size: 13pt;"">Материалы:</span></h2>
<ul>
	<li>Металлические части из стали DIN EN 10111-98.</li>
	<li>Эластомер из натурального каучука.</li>
</ul>
<hr>
<h2><span style=""font-size: 13pt;"">Исполнение:</span></h2>
<ul>
	<li>Цилиндрические демпферы с наружной резьбой, тип DS.</li>
	<li>Сталь оцинкованная.</li>
	<li>Натуральный каучук черного цвета.</li>
</ul>
<hr>
<h2><span style=""font-size: 13pt;"">Указание по применению:</span></h2>
<ul>
	<li>Резинометаллические демпферы хорошо подходят для упругого ограничения хода и амортизации толчков у мобильных и стационарных агрегатов и машин, а также в качестве упоров.</li>
	<li>Данные демпферы хорошо подходят для дробильного оборудования.</li>
</ul>";A00035.16001501404;15;M4;14;13;;10;480;113,43;;;;;"<p><img src=""https://promfurnitura.by/image/catalog/prom-furnitura/zamki/a00035_демпферы_с_присоской_и_наружной_резьбой_тип_ds_table_1.png"" style=""width: 1168px;""></p><p><img src=""https://promfurnitura.by/image/catalog/prom-furnitura/zamki/a00035_демпферы_с_присоской_и_наружной_резьбой_тип_ds_table_1.png"" style=""width: 595px;""></p><h2><span style=""font-size: 13pt;"">Материалы:</span></h2>
<ul>
	<li>Металлические части из стали DIN EN 10111-98.</li>
	<li>Эластомер из натурального каучука.</li>
</ul>
<hr>
<h2><span style=""font-size: 13pt;"">Исполнение:</span></h2>
<ul>
	<li>Цилиндрические демпферы с наружной резьбой, тип DS.</li>
	<li>Сталь оцинкованная.</li>
	<li>Натуральный каучук черного цвета.</li>
</ul>
<hr>
<h2><span style=""font-size: 13pt;"">Указание по применению:</span></h2>
<ul>
	<li>Резинометаллические демпферы хорошо подходят для упругого ограничения хода и амортизации толчков у мобильных и стационарных агрегатов и машин, а также в качестве упоров.</li>
	<li>Данные демпферы хорошо подходят для дробильного оборудования.</li>
</ul>";
A00035 Демпферы с присоской и наружной резьбой, тип DS;https://alterv.ru/catalog/dempfery/a00035_dempfery_s_prisoskoy_i_naruzhnoy_rezboy_tip_ds/;https://alterv.ru/upload/iblock/d1d/kshnc38gqpoz7ur2xp7nrebz3ck5zrk5/a00035_dempfery_s_prisoskoy.png, https://alterv.ru/upload/iblock/ed0/axn88nil63oefzihzwj2mcr69yxju4qm/a00035_dempfery.png, https://alterv.ru/upload/iblock/e1f/cxlfjh5w1pzuklt0q3eopx7v8lqm902o/a00035_dempfery_sboku.png, https://alterv.ru/upload/iblock/edf/tbbh35028n944y5uj9iqjh0azfrnsw36/a00035_dempfery_sverhu.png, https://alterv.ru/upload/iblock/78f/3uym0ou34bko17ozg5yc3hddnlte34uj/a00035_dempfery_snizu.png;https://alterv.ru/upload/iblock/c18/cuzk29w7x5gszdhorjiq4hbjazlhhvl7/a00035_dempfery_s_prisoskoy_chertezh.png;"<h2><span style=""font-size: 13pt;"">Материалы:</span></h2>
<ul>
	<li>Металлические части из стали DIN EN 10111-98.</li>
	<li>Эластомер из натурального каучука.</li>
</ul>
<hr>
<h2><span style=""font-size: 13pt;"">Исполнение:</span></h2>
<ul>
	<li>Цилиндрические демпферы с наружной резьбой, тип DS.</li>
	<li>Сталь оцинкованная.</li>
	<li>Натуральный каучук черного цвета.</li>
</ul>
<hr>
<h2><span style=""font-size: 13pt;"">Указание по применению:</span></h2>
<ul>
	<li>Резинометаллические демпферы хорошо подходят для упругого ограничения хода и амортизации толчков у мобильных и стационарных агрегатов и машин, а также в качестве упоров.</li>
	<li>Данные демпферы хорошо подходят для дробильного оборудования.</li>
</ul>";A00035.16002501806;25;M6;18,5;18;;28,5;623;129,64;;;;;"<p><img src=""https://promfurnitura.by/image/catalog/prom-furnitura/zamki/a00035_демпферы_с_присоской_и_наружной_резьбой_тип_ds_table_1.png"" style=""width: 1168px;""></p><p><img src=""https://promfurnitura.by/image/catalog/prom-furnitura/zamki/a00035_демпферы_с_присоской_и_наружной_резьбой_тип_ds_table_1.png"" style=""width: 595px;""></p><h2><span style=""font-size: 13pt;"">Материалы:</span></h2>
<ul>
	<li>Металлические части из стали DIN EN 10111-98.</li>
	<li>Эластомер из натурального каучука.</li>
</ul>
<hr>
<h2><span style=""font-size: 13pt;"">Исполнение:</span></h2>
<ul>
	<li>Цилиндрические демпферы с наружной резьбой, тип DS.</li>
	<li>Сталь оцинкованная.</li>
	<li>Натуральный каучук черного цвета.</li>
</ul>
<hr>
<h2><span style=""font-size: 13pt;"">Указание по применению:</span></h2>
<ul>
	<li>Резинометаллические демпферы хорошо подходят для упругого ограничения хода и амортизации толчков у мобильных и стационарных агрегатов и машин, а также в качестве упоров.</li>
	<li>Данные демпферы хорошо подходят для дробильного оборудования.</li>
</ul>";
A00035 Демпферы с присоской и наружной резьбой, тип DS;https://alterv.ru/catalog/dempfery/a00035_dempfery_s_prisoskoy_i_naruzhnoy_rezboy_tip_ds/;https://alterv.ru/upload/iblock/d1d/kshnc38gqpoz7ur2xp7nrebz3ck5zrk5/a00035_dempfery_s_prisoskoy.png, https://alterv.ru/upload/iblock/ed0/axn88nil63oefzihzwj2mcr69yxju4qm/a00035_dempfery.png, https://alterv.ru/upload/iblock/e1f/cxlfjh5w1pzuklt0q3eopx7v8lqm902o/a00035_dempfery_sboku.png, https://alterv.ru/upload/iblock/edf/tbbh35028n944y5uj9iqjh0azfrnsw36/a00035_dempfery_sverhu.png, https://alterv.ru/upload/iblock/78f/3uym0ou34bko17ozg5yc3hddnlte34uj/a00035_dempfery_snizu.png;https://alterv.ru/upload/iblock/c18/cuzk29w7x5gszdhorjiq4hbjazlhhvl7/a00035_dempfery_s_prisoskoy_chertezh.png;"<h2><span style=""font-size: 13pt;"">Материалы:</span></h2>
<ul>
	<li>Металлические части из стали DIN EN 10111-98.</li>
	<li>Эластомер из натурального каучука.</li>
</ul>
<hr>
<h2><span style=""font-size: 13pt;"">Исполнение:</span></h2>
<ul>
	<li>Цилиндрические демпферы с наружной резьбой, тип DS.</li>
	<li>Сталь оцинкованная.</li>
	<li>Натуральный каучук черного цвета.</li>
</ul>
<hr>
<h2><span style=""font-size: 13pt;"">Указание по применению:</span></h2>
<ul>
	<li>Резинометаллические демпферы хорошо подходят для упругого ограничения хода и амортизации толчков у мобильных и стационарных агрегатов и машин, а также в качестве упоров.</li>
	<li>Данные демпферы хорошо подходят для дробильного оборудования.</li>
</ul>";A00035.16003002808;30;M8;28,5;23;;34;325;215,36;;;;;"<p><img src=""https://promfurnitura.by/image/catalog/prom-furnitura/zamki/a00035_демпферы_с_присоской_и_наружной_резьбой_тип_ds_table_1.png"" style=""width: 1168px;""></p><p><img src=""https://promfurnitura.by/image/catalog/prom-furnitura/zamki/a00035_демпферы_с_присоской_и_наружной_резьбой_тип_ds_table_1.png"" style=""width: 595px;""></p><h2><span style=""font-size: 13pt;"">Материалы:</span></h2>
<ul>
	<li>Металлические части из стали DIN EN 10111-98.</li>
	<li>Эластомер из натурального каучука.</li>
</ul>
<hr>
<h2><span style=""font-size: 13pt;"">Исполнение:</span></h2>
<ul>
	<li>Цилиндрические демпферы с наружной резьбой, тип DS.</li>
	<li>Сталь оцинкованная.</li>
	<li>Натуральный каучук черного цвета.</li>
</ul>
<hr>
<h2><span style=""font-size: 13pt;"">Указание по применению:</span></h2>
<ul>
	<li>Резинометаллические демпферы хорошо подходят для упругого ограничения хода и амортизации толчков у мобильных и стационарных агрегатов и машин, а также в качестве упоров.</li>
	<li>Данные демпферы хорошо подходят для дробильного оборудования.</li>
</ul>";
A00035 Демпферы с присоской и наружной резьбой, тип DS;https://alterv.ru/catalog/dempfery/a00035_dempfery_s_prisoskoy_i_naruzhnoy_rezboy_tip_ds/;https://alterv.ru/upload/iblock/d1d/kshnc38gqpoz7ur2xp7nrebz3ck5zrk5/a00035_dempfery_s_prisoskoy.png, https://alterv.ru/upload/iblock/ed0/axn88nil63oefzihzwj2mcr69yxju4qm/a00035_dempfery.png, https://alterv.ru/upload/iblock/e1f/cxlfjh5w1pzuklt0q3eopx7v8lqm902o/a00035_dempfery_sboku.png, https://alterv.ru/upload/iblock/edf/tbbh35028n944y5uj9iqjh0azfrnsw36/a00035_dempfery_sverhu.png, https://alterv.ru/upload/iblock/78f/3uym0ou34bko17ozg5yc3hddnlte34uj/a00035_dempfery_snizu.png;https://alterv.ru/upload/iblock/c18/cuzk29w7x5gszdhorjiq4hbjazlhhvl7/a00035_dempfery_s_prisoskoy_chertezh.png;"<h2><span style=""font-size: 13pt;"">Материалы:</span></h2>
<ul>
	<li>Металлические части из стали DIN EN 10111-98.</li>
	<li>Эластомер из натурального каучука.</li>
</ul>
<hr>
<h2><span style=""font-size: 13pt;"">Исполнение:</span></h2>
<ul>
	<li>Цилиндрические демпферы с наружной резьбой, тип DS.</li>
	<li>Сталь оцинкованная.</li>
	<li>Натуральный каучук черного цвета.</li>
</ul>
<hr>
<h2><span style=""font-size: 13pt;"">Указание по применению:</span></h2>
<ul>
	<li>Резинометаллические демпферы хорошо подходят для упругого ограничения хода и амортизации толчков у мобильных и стационарных агрегатов и машин, а также в качестве упоров.</li>
	<li>Данные демпферы хорошо подходят для дробильного оборудования.</li>
</ul>";A00035.16005002810;50;M10;28;28;;99;Под заказ;356,5;;;;;"<p><img src=""https://promfurnitura.by/image/catalog/prom-furnitura/zamki/a00035_демпферы_с_присоской_и_наружной_резьбой_тип_ds_table_1.png"" style=""width: 1168px;""></p><p><img src=""https://promfurnitura.by/image/catalog/prom-furnitura/zamki/a00035_демпферы_с_присоской_и_наружной_резьбой_тип_ds_table_1.png"" style=""width: 595px;""></p><h2><span style=""font-size: 13pt;"">Материалы:</span></h2>
<ul>
	<li>Металлические части из стали DIN EN 10111-98.</li>
	<li>Эластомер из натурального каучука.</li>
</ul>
<hr>
<h2><span style=""font-size: 13pt;"">Исполнение:</span></h2>
<ul>
	<li>Цилиндрические демпферы с наружной резьбой, тип DS.</li>
	<li>Сталь оцинкованная.</li>
	<li>Натуральный каучук черного цвета.</li>
</ul>
<hr>
<h2><span style=""font-size: 13pt;"">Указание по применению:</span></h2>
<ul>
	<li>Резинометаллические демпферы хорошо подходят для упругого ограничения хода и амортизации толчков у мобильных и стационарных агрегатов и машин, а также в качестве упоров.</li>
	<li>Данные демпферы хорошо подходят для дробильного оборудования.</li>
</ul>";
A00035 Демпферы с присоской и наружной резьбой, тип DS;https://alterv.ru/catalog/dempfery/a00035_dempfery_s_prisoskoy_i_naruzhnoy_rezboy_tip_ds/;https://alterv.ru/upload/iblock/d1d/kshnc38gqpoz7ur2xp7nrebz3ck5zrk5/a00035_dempfery_s_prisoskoy.png, https://alterv.ru/upload/iblock/ed0/axn88nil63oefzihzwj2mcr69yxju4qm/a00035_dempfery.png, https://alterv.ru/upload/iblock/e1f/cxlfjh5w1pzuklt0q3eopx7v8lqm902o/a00035_dempfery_sboku.png, https://alterv.ru/upload/iblock/edf/tbbh35028n944y5uj9iqjh0azfrnsw36/a00035_dempfery_sverhu.png, https://alterv.ru/upload/iblock/78f/3uym0ou34bko17ozg5yc3hddnlte34uj/a00035_dempfery_snizu.png;https://alterv.ru/upload/iblock/c18/cuzk29w7x5gszdhorjiq4hbjazlhhvl7/a00035_dempfery_s_prisoskoy_chertezh.png;"<h2><span style=""font-size: 13pt;"">Материалы:</span></h2>
<ul>
	<li>Металлические части из стали DIN EN 10111-98.</li>
	<li>Эластомер из натурального каучука.</li>
</ul>
<hr>
<h2><span style=""font-size: 13pt;"">Исполнение:</span></h2>
<ul>
	<li>Цилиндрические демпферы с наружной резьбой, тип DS.</li>
	<li>Сталь оцинкованная.</li>
	<li>Натуральный каучук черного цвета.</li>
</ul>
<hr>
<h2><span style=""font-size: 13pt;"">Указание по применению:</span></h2>
<ul>
	<li>Резинометаллические демпферы хорошо подходят для упругого ограничения хода и амортизации толчков у мобильных и стационарных агрегатов и машин, а также в качестве упоров.</li>
	<li>Данные демпферы хорошо подходят для дробильного оборудования.</li>
</ul>";A00035.16010005016;100;M16;50;42;;810;415;1604,26;;;;;"<p><img src=""https://promfurnitura.by/image/catalog/prom-furnitura/zamki/a00035_демпферы_с_присоской_и_наружной_резьбой_тип_ds_table_1.png"" style=""width: 1168px;""></p><p><img src=""https://promfurnitura.by/image/catalog/prom-furnitura/zamki/a00035_демпферы_с_присоской_и_наружной_резьбой_тип_ds_table_1.png"" style=""width: 595px;""></p><h2><span style=""font-size: 13pt;"">Материалы:</span></h2>
<ul>
	<li>Металлические части из стали DIN EN 10111-98.</li>
	<li>Эластомер из натурального каучука.</li>
</ul>
<hr>
<h2><span style=""font-size: 13pt;"">Исполнение:</span></h2>
<ul>
	<li>Цилиндрические демпферы с наружной резьбой, тип DS.</li>
	<li>Сталь оцинкованная.</li>
	<li>Натуральный каучук черного цвета.</li>
</ul>
<hr>
<h2><span style=""font-size: 13pt;"">Указание по применению:</span></h2>
<ul>
	<li>Резинометаллические демпферы хорошо подходят для упругого ограничения хода и амортизации толчков у мобильных и стационарных агрегатов и машин, а также в качестве упоров.</li>
	<li>Данные демпферы хорошо подходят для дробильного оборудования.</li>
</ul>";
K0572 Демпферы с присоской и наружной резьбой, тип DS;https://alterv.ru/catalog/dempfery/k0572_dempfery_rezinometallicheskie_s_prisoskoy/;https://alterv.ru/upload/iblock/e40/k0572_dempfery.png;https://alterv.ru/upload/iblock/bfc/k0572_dempfery_chertezh.png;"<h2><span style=""font-size: 13pt;"">Материалы:</span></h2>
<ul>
	<li>Металлические части из стали класса прочности 5.6.</li>
	<li>Эластомер из натурального каучука со средней твердостью по Шору 57A.</li>
</ul>
<hr>
<h2><span style=""font-size: 13pt;"">Исполнение:</span></h2>
<ul>
	<li>Цилиндрические демпферы с наружной резьбой, тип DS.</li>
	<li>Сталь оцинкованная.</li>
</ul>
<hr>
<h2><span style=""font-size: 13pt;"">Указания по применению:</span></h2>
<ul>
	<li>Резинометаллические демпферы хорошо подходят для упругого ограничения хода и амортизации толчков у мобильных и стационарных агрегатов и машин, а также в качестве упоров.</li>
	<li>Данные демпферы хорошо подходят для дробильного оборудования.</li>
	<li>Температура эксплуатации: от -30 °C до +80 °C.</li>
</ul>
<hr>
<h2><span style=""font-size: 13pt;"">Аналог:</span></h2>
<ul>
	<li><a target=""_blank"" href=""/catalog/dempfery/a00035_dempfery_s_prisoskoy_i_naruzhnoy_rezboy_tip_ds/"">A00035 Демпферы с присоской и наружной резьбой, тип DS.</a></li>
</ul>";K0572.07003057;70;M10;30;28;360;216;2;1226,53;;;;;"<p><img src=""https://promfurnitura.by/image/catalog/prom-furnitura/zamki/k0572_демпферы_с_присоской_и_наружной_резьбой_тип_ds_table_1.png"" style=""width: 739px;""></p><p><img src=""https://promfurnitura.by/image/catalog/prom-furnitura/zamki/k0572_демпферы_с_присоской_и_наружной_резьбой_тип_ds_table_1.png"" style=""width: 1257px;""></p><h2><span style=""font-size: 13pt;"">Материалы:</span></h2>
<ul>
	<li>Металлические части из стали класса прочности 5.6.</li>
	<li>Эластомер из натурального каучука со средней твердостью по Шору 57A.</li>
</ul>
<hr>
<h2><span style=""font-size: 13pt;"">Исполнение:</span></h2>
<ul>
	<li>Цилиндрические демпферы с наружной резьбой, тип DS.</li>
	<li>Сталь оцинкованная.</li>
</ul>
<hr>
<h2><span style=""font-size: 13pt;"">Указания по применению:</span></h2>
<ul>
	<li>Резинометаллические демпферы хорошо подходят для упругого ограничения хода и амортизации толчков у мобильных и стационарных агрегатов и машин, а также в качестве упоров.</li>
	<li>Данные демпферы хорошо подходят для дробильного оборудования.</li>
	<li>Температура эксплуатации: от -30 °C до +80 °C.</li>
</ul>
<hr>
<h2><span style=""font-size: 13pt;"">Аналог:</span></h2>
<ul>
	<li><a target=""_blank"" href=""/catalog/dempfery/a00035_dempfery_s_prisoskoy_i_naruzhnoy_rezboy_tip_ds/"">A00035 Демпферы с присоской и наружной резьбой, тип DS.</a></li>
</ul>";
K0574 Демпферы параболические с наружной резьбой;https://alterv.ru/catalog/dempfery/k0574_dempfery_rezinometallicheskie_parabolicheskie/;https://alterv.ru/upload/iblock/57c/k0574_dempfery.png, https://alterv.ru/upload/iblock/afc/K0574.png;https://alterv.ru/upload/iblock/3d4/k0574_dempfery_chertezh.png;"<h2><span style=""font-size: 13pt;"">Материалы:</span></h2>
<ul>
	<li>Металлические части из стали класса прочности 5.6.</li>
	<li>Эластомер из натурального каучука со средней твердостью по Шору 55A.</li>
</ul>
<hr>
<h2><span style=""font-size: 13pt;"">Исполнение:</span></h2>
<ul>
	<li>Демпферы с наружной резьбой.</li>
	<li>Сталь оцинкованная.</li>
</ul>
<hr>
<h2><span style=""font-size: 13pt;"">Указания по применению:</span></h2>
<ul>
	<li>Резинометаллические демпферы хорошо подходят для упругого ограничения хода и амортизации толчков у мобильных и стационарных агрегатов и машин, а также в качестве упоров.</li>
	<li>Данные демпферы хорошо подходят для дробильного оборудования.</li>
	<li>Температура эксплуатации: от -30 °C до +80 °C.</li>
</ul>
<hr>
<h2><span style=""font-size: 13pt;"">Аналог:</span></h2>
<ul>
	<li><a target=""_blank"" href=""/catalog/dempfery/a00010_dempfery_parabolicheskie_s_naruzhnoy_rezboy_tip_pr/"">A00010 Демпферы параболические с наружной резьбой, тип PR.</a></li>
</ul>";K0574.02002455;20;M6;24;18;14;50;3;282,32;;;;;"<p><img src=""https://promfurnitura.by/image/catalog/prom-furnitura/zamki/k0574_демпферы_параболические_с_наружной_резьбой_table_1.png"" style=""width: 1305px;""></p><p><img src=""https://promfurnitura.by/image/catalog/prom-furnitura/zamki/k0574_демпферы_параболические_с_наружной_резьбой_table_1.png"" style=""width: 732px;""></p><h2><span style=""font-size: 13pt;"">Материалы:</span></h2>
<ul>
	<li>Металлические части из стали класса прочности 5.6.</li>
	<li>Эластомер из натурального каучука со средней твердостью по Шору 55A.</li>
</ul>
<hr>
<h2><span style=""font-size: 13pt;"">Исполнение:</span></h2>
<ul>
	<li>Демпферы с наружной резьбой.</li>
	<li>Сталь оцинкованная.</li>
</ul>
<hr>
<h2><span style=""font-size: 13pt;"">Указания по применению:</span></h2>
<ul>
	<li>Резинометаллические демпферы хорошо подходят для упругого ограничения хода и амортизации толчков у мобильных и стационарных агрегатов и машин, а также в качестве упоров.</li>
	<li>Данные демпферы хорошо подходят для дробильного оборудования.</li>
	<li>Температура эксплуатации: от -30 °C до +80 °C.</li>
</ul>
<hr>
<h2><span style=""font-size: 13pt;"">Аналог:</span></h2>
<ul>
	<li><a target=""_blank"" href=""/catalog/dempfery/a00010_dempfery_parabolicheskie_s_naruzhnoy_rezboy_tip_pr/"">A00010 Демпферы параболические с наружной резьбой, тип PR.</a></li>
</ul>";
K0574 Демпферы параболические с наружной резьбой;https://alterv.ru/catalog/dempfery/k0574_dempfery_rezinometallicheskie_parabolicheskie/;https://alterv.ru/upload/iblock/57c/k0574_dempfery.png, https://alterv.ru/upload/iblock/afc/K0574.png;https://alterv.ru/upload/iblock/3d4/k0574_dempfery_chertezh.png;"<h2><span style=""font-size: 13pt;"">Материалы:</span></h2>
<ul>
	<li>Металлические части из стали класса прочности 5.6.</li>
	<li>Эластомер из натурального каучука со средней твердостью по Шору 55A.</li>
</ul>
<hr>
<h2><span style=""font-size: 13pt;"">Исполнение:</span></h2>
<ul>
	<li>Демпферы с наружной резьбой.</li>
	<li>Сталь оцинкованная.</li>
</ul>
<hr>
<h2><span style=""font-size: 13pt;"">Указания по применению:</span></h2>
<ul>
	<li>Резинометаллические демпферы хорошо подходят для упругого ограничения хода и амортизации толчков у мобильных и стационарных агрегатов и машин, а также в качестве упоров.</li>
	<li>Данные демпферы хорошо подходят для дробильного оборудования.</li>
	<li>Температура эксплуатации: от -30 °C до +80 °C.</li>
</ul>
<hr>
<h2><span style=""font-size: 13pt;"">Аналог:</span></h2>
<ul>
	<li><a target=""_blank"" href=""/catalog/dempfery/a00010_dempfery_parabolicheskie_s_naruzhnoy_rezboy_tip_pr/"">A00010 Демпферы параболические с наружной резьбой, тип PR.</a></li>
</ul>";K0574.03504055;35;M8;40;23;16;175;Под заказ;657,23;;;;;"<p><img src=""https://promfurnitura.by/image/catalog/prom-furnitura/zamki/k0574_демпферы_параболические_с_наружной_резьбой_table_1.png"" style=""width: 1305px;""></p><p><img src=""https://promfurnitura.by/image/catalog/prom-furnitura/zamki/k0574_демпферы_параболические_с_наружной_резьбой_table_1.png"" style=""width: 732px;""></p><h2><span style=""font-size: 13pt;"">Материалы:</span></h2>
<ul>
	<li>Металлические части из стали класса прочности 5.6.</li>
	<li>Эластомер из натурального каучука со средней твердостью по Шору 55A.</li>
</ul>
<hr>
<h2><span style=""font-size: 13pt;"">Исполнение:</span></h2>
<ul>
	<li>Демпферы с наружной резьбой.</li>
	<li>Сталь оцинкованная.</li>
</ul>
<hr>
<h2><span style=""font-size: 13pt;"">Указания по применению:</span></h2>
<ul>
	<li>Резинометаллические демпферы хорошо подходят для упругого ограничения хода и амортизации толчков у мобильных и стационарных агрегатов и машин, а также в качестве упоров.</li>
	<li>Данные демпферы хорошо подходят для дробильного оборудования.</li>
	<li>Температура эксплуатации: от -30 °C до +80 °C.</li>
</ul>
<hr>
<h2><span style=""font-size: 13pt;"">Аналог:</span></h2>
<ul>
	<li><a target=""_blank"" href=""/catalog/dempfery/a00010_dempfery_parabolicheskie_s_naruzhnoy_rezboy_tip_pr/"">A00010 Демпферы параболические с наружной резьбой, тип PR.</a></li>
</ul>";
DD38 Отбойники резиновые для фургонов;https://alterv.ru/catalog/dempfery/dd38_otboyniki_rezinovye_dlya_furgonov/;https://alterv.ru/upload/iblock/0be/ag8ref1e3vo4ww0ve6xtmink657emqgx/dd38_otboyniki_rezinovye.png;https://alterv.ru/upload/iblock/598/cozv5vjzbhtxfkhq40nry1fwpn0k6m7o/dd38_otboyniki_rezinovye_chertezh.png;"<h2><span style=""font-size: 13pt;"">Материал:</span></h2>
<ul>
	<li>Резина.</li>
</ul>
<hr>
<h2><span style=""font-size: 13pt;"">Исполнение:</span></h2>
<ul>
	<li>Резина черного цвета.</li>
</ul>
<hr>
<h2><span style=""font-size: 13pt;"">Указание по применению:</span></h2>
<ul>
	<li>Отбойники хорошо подходят для предотвращения повреждений задней части фургона или прицепа при постановке под погрузку к рампе или пандусу.</li>
</ul>";DD38;;;;;;;8;769,72;;Резина;Черный;;"<p><img src=""https://promfurnitura.by/image/catalog/prom-furnitura/zamki/dd38_отбойники_резиновые_для_фургонов_table_1.png"" style=""width: 400px;""></p><p><img src=""https://promfurnitura.by/image/catalog/prom-furnitura/zamki/dd38_отбойники_резиновые_для_фургонов_table_1.png"" style=""width: 902px;""></p><h2><span style=""font-size: 13pt;"">Материал:</span></h2>
<ul>
	<li>Резина.</li>
</ul>
<hr>
<h2><span style=""font-size: 13pt;"">Исполнение:</span></h2>
<ul>
	<li>Резина черного цвета.</li>
</ul>
<hr>
<h2><span style=""font-size: 13pt;"">Указание по применению:</span></h2>
<ul>
	<li>Отбойники хорошо подходят для предотвращения повреждений задней части фургона или прицепа при постановке под погрузку к рампе или пандусу.</li>
</ul>";
DD40 Отбойники резиновые для фургонов;https://alterv.ru/catalog/dempfery/dd40_otboyniki_rezinovye_dlya_furgonov/;https://alterv.ru/upload/iblock/a42/ympsp3vsokdd6z1scgtx6ce38rl7768k/dd40_otboyniki_rezinovye.png;https://alterv.ru/upload/iblock/47c/6t8a1c4nj0af1edmgr7g6qzy1zdtl916/dd40_otboyniki_rezinovye_chertezh.png;"<h2><span style=""font-size: 13pt;"">Материал:</span></h2>
<ul>
	<li>Резина.</li>
</ul>
<hr>
<h2><span style=""font-size: 13pt;"">Исполнение:</span></h2>
<ul>
	<li>Черного цвета.</li>
</ul>
<hr>
<h2><span style=""font-size: 13pt;"">Указание по применению:</span></h2>
<ul>
	<li>Отбойники хорошо подходят для предотвращения повреждений задней части фургона или прицепа при постановке под погрузку к рампе или пандусу.</li>
</ul>";DD40;;;;;;;15;795,71;;Резина;Черный;Отбойник;"<p><img src=""https://promfurnitura.by/image/catalog/prom-furnitura/zamki/dd40_отбойники_резиновые_для_фургонов_table_1.png"" style=""width: 1001px;""></p><p><img src=""https://promfurnitura.by/image/catalog/prom-furnitura/zamki/dd40_отбойники_резиновые_для_фургонов_table_1.png"" style=""width: 484px;""></p><h2><span style=""font-size: 13pt;"">Материал:</span></h2>
<ul>
	<li>Резина.</li>
</ul>
<hr>
<h2><span style=""font-size: 13pt;"">Исполнение:</span></h2>
<ul>
	<li>Черного цвета.</li>
</ul>
<hr>
<h2><span style=""font-size: 13pt;"">Указание по применению:</span></h2>
<ul>
	<li>Отбойники хорошо подходят для предотвращения повреждений задней части фургона или прицепа при постановке под погрузку к рампе или пандусу.</li>
</ul>";
